{
    "scores" :   [[0.8497060774260906, 0.8495018069114046, 0.8450179430211356, 0.8472825716901241], [0.8459661617065919, 0.84680594048919, 0.8479962575624223, 0.8468992492428121], [0.8469547301233441, 0.8458249376470559, 0.8504928971863628, 0.8443824347532236], [0.8483947111589704, 0.8478928613759763, 0.8438074510822554, 0.8441176396415935], [0.8430206313219832, 0.8446774921633257, 0.8454693556400098, 0.846291481415166], [0.8423800793376591, 0.8493479735608386, 0.8459535524155619, 0.8505836840817789], [0.8421405028080892, 0.8478222493462083, 0.8476406755553763, 0.8435199592467714], [0.8384283275288563, 0.8480038231370403, 0.8472876154065362, 0.8507097769920788], [0.8405542539965148, 0.8425137378225772, 0.8474540580481322, 0.8478298149208262], [0.8496304216799107, 0.8444253063427256, 0.8483493177112623, 0.836758857396484], [0.8330290291098092, 0.841890838845695, 0.8357652452633199, 0.8459989458632698], [0.8346278872124135, 0.841504994540177, 0.8413486393314049, 0.8388620871402884], [0.8386351199017484, 0.841976582024699, 0.841343595614993, 0.8385468548645384], [0.8445110495217296, 0.8405038168323948, 0.8382669286036724, 0.8327364935579132], [0.8358686414497658, 0.8250246511639636, 0.8334249608481513, 0.8354424474129517], [0.836461278128176, 0.8385342455735084, 0.8369959120678481, 0.8380475269397503], [0.8296900888450646, 0.8159409179059498, 0.8299120123671927, 0.8419740601664931], [0.8183896422239764, 0.81647050812921, 0.8144656308554395, 0.8087208378621704], [0.762038720610895, 0.7520597276897509, 0.713170152295017, 0.7318495560268629]],
    "mean_scores" : [0.73977954, 0.81451165, 0.82937927, 0.83750974, 0.83244018, 0.83900457,
    0.84012554, 0.8390859,  0.83917101, 0.84479098, 0.84458797, 0.84610739,
    0.84528085, 0.84706632, 0.84486474, 0.84605317, 0.84691375, 0.8469169,
    0.8478771]
}