{
    "rf": [[0.71163434, 0.69709078, 0.71932349, 0.69409229], 
                  [0.79138558, 0.79428572, 0.7894034,  0.78845519], 
                  [0.79470183, 0.79428824, 0.80104682, 0.8004668],
                  [0.8049204,  0.80323832, 0.79824756, 0.80163946],
                  [0.80302648, 0.80480439, 0.80460012, 0.80305674],
                  [0.80726573, 0.80809542, 0.81404196, 0.803894],
                  [0.80892259, 0.81006751, 0.81254902, 0.81174202],
                  [0.81485652, 0.81242293, 0.80934626, 0.81276085],
                  [0.80403775, 0.80576018, 0.80495318, 0.80038862],
                  [0.82478507, 0.81076859, 0.81511375, 0.81942108],
                  [0.81971866, 0.81741368, 0.8104357,  0.81425379],
                  [0.81744647, 0.8138049,  0.81190594, 0.81370907],
                  [0.8145892,  0.81908063, 0.81473295, 0.81648312],
                  [0.82298195, 0.8172422,  0.81896967, 0.81704549],
                  [0.82172606, 0.81859643, 0.81987754, 0.82165545],
                  [0.82340057, 0.82201607, 0.82004146, 0.82451019],
                  [0.82345101, 0.82058114, 0.82379398, 0.81862418],
                  [0.81951691, 0.82529953, 0.82443706, 0.82423027],
                  [0.82408904, 0.82698666, 0.82610401, 0.82319126]],
            
    "minirocket":   [[0.77042138, 0.76528183, 0.76529696, 0.7656248],
                     [0.80202026, 0.80885197, 0.81142175, 0.80722285],
                     [0.82522388, 0.82246497, 0.83090562, 0.82904702],
                     [0.83403777, 0.83397473, 0.83834763, 0.82874187],
                     [0.81849808, 0.82042226, 0.81444293, 0.82661342],
                     [0.83161679, 0.82819967, 0.82318369, 0.83071649],
                     [0.83065344, 0.83464554, 0.83281467, 0.83565933],
                     [0.83761377, 0.83471363, 0.83270623, 0.83603761],
                     [0.83920254, 0.83852668, 0.84083922, 0.83883687],
                     [0.84199676, 0.84327282, 0.84156804, 0.84150499],
                     [0.84207493, 0.84821314, 0.84664454, 0.84837454],
                     [0.84637218, 0.84802652, 0.84742127, 0.85049794],
                     [0.84860403, 0.8466168, 0.84968842, 0.84102584],
                     [0.84909074, 0.84666219, 0.85345104, 0.84869229],
                     [0.85184966, 0.85447239, 0.84920423, 0.8392908],
                     [0.85214724, 0.85902939, 0.85200349, 0.85064169],
                     [0.85748349, 0.85546096, 0.85637135, 0.85083335],
                     [0.85389488, 0.85273231, 0.8539428, 0.85432108],
                     [0.85314085, 0.84777686, 0.84983721, 0.85584176]],


    "convtran": [[0.5544217, 0.51158037, 0.64708486, 0.5516754],
                        [0.73861066, 0.79861575, 0.78038776, 0.78001453],
                        [0.79442947, 0.73551382, 0.81223379, 0.74750525],
                        [0.81062736, 0.80800967, 0.77164448, 0.81107373],
                        [0.80860483, 0.70710508, 0.76241952, 0.81257928],
                        [0.83467832, 0.80270368, 0.81206987, 0.7828844],
                        [0.80607541, 0.81384021, 0.7814419, 0.81783736],
                        [0.80119057, 0.77634522, 0.82373346, 0.7726734],
                        [0.83425213, 0.83108468, 0.82205138, 0.81452616],
                        [0.8098355, 0.79199335, 0.82692109, 0.75733546],
                        [0.83504399, 0.83528609, 0.82669917, 0.78266752],
                        [0.80885954, 0.82698161, 0.79208666, 0.81489182],
                        [0.83151844, 0.80111239, 0.81055927, 0.82214973],
                        [0.82725397, 0.81166637, 0.83029786, 0.8348145],
                        [0.83930089, 0.81532558, 0.8296447, 0.82872926],
                        [0.82086359, 0.8196304, 0.81457155, 0.82213712],
                        [0.83592412, 0.83177062, 0.83041891, 0.8150154],
                        [0.82046261, 0.79678488, 0.823103, 0.79025579],
                        [0.84672272, 0.82905206, 0.83206064, 0.81413275]],

    "tst": [[0.5892763, 0.60181246, 0.63401155, 0.69039777],
            [0.75306847, 0.77564667, 0.77154108, 0.75726989],
            [0.75980183, 0.76154444, 0.77730353, 0.75717153],
            [0.77753554, 0.77650914, 0.76504478, 0.77029781],
            [0.78561557, 0.78615525, 0.76344087, 0.77695803],
            [0.78278857, 0.76586186, 0.77773981, 0.76631075],
            [0.78883094, 0.77259522, 0.78955472, 0.8098128],
            [0.79936727, 0.78451604, 0.76600056, 0.80601488],
            [0.76987161, 0.77410581, 0.76764481, 0.80470352],
            [0.79080808, 0.78191349, 0.79576101, 0.78073326],
            [0.80473882, 0.81613762, 0.79604346, 0.77303907],
            [0.76920584, 0.78634691, 0.77901587, 0.81476321],
            [0.80140241, 0.79058111, 0.8088091, 0.7924145],
            [0.81032978, 0.80478674, 0.80604515, 0.8150154],
            [0.82647472, 0.79290374, 0.79066685, 0.80945722],
            [0.81711863, 0.80471108, 0.82322657, 0.81997841],
            [0.82092663, 0.78642257, 0.79929665, 0.77834506],
            [0.8178651, 0.8106551, 0.81091485, 0.8060855],
            [0.79716316, 0.7922758, 0.80552817, 0.80139988]]
}