{
    "minirocket":   [[0.8497060774260906, 0.8495018069114046, 0.8450179430211356, 0.8472825716901241], 
                            [0.8459661617065919, 0.84680594048919, 0.8479962575624223, 0.8468992492428121], 
                            [0.8469547301233441, 0.8458249376470559, 0.8504928971863628, 0.8443824347532236], 
                            [0.8483947111589704, 0.8478928613759763, 0.8438074510822554, 0.8441176396415935], 
                            [0.8430206313219832, 0.8446774921633257, 0.8454693556400098, 0.846291481415166], 
                            [0.8423800793376591, 0.8493479735608386, 0.8459535524155619, 0.8505836840817789], 
                            [0.8421405028080892, 0.8478222493462083, 0.8476406755553763, 0.8435199592467714], 
                            [0.8384283275288563, 0.8480038231370403, 0.8472876154065362, 0.8507097769920788], 
                            [0.8405542539965148, 0.8425137378225772, 0.8474540580481322, 0.8478298149208262], 
                            [0.8496304216799107, 0.8444253063427256, 0.8483493177112623, 0.836758857396484], 
                            [0.8330290291098092, 0.841890838845695, 0.8357652452633199, 0.8459989458632698], 
                            [0.8346278872124135, 0.841504994540177, 0.8413486393314049, 0.8388620871402884], 
                            [0.8386351199017484, 0.841976582024699, 0.841343595614993, 0.8385468548645384], 
                            [0.8445110495217296, 0.8405038168323948, 0.8382669286036724, 0.8327364935579132], 
                            [0.8358686414497658, 0.8250246511639636, 0.8334249608481513, 0.8354424474129517], 
                            [0.836461278128176, 0.8385342455735084, 0.8369959120678481, 0.8380475269397503], 
                            [0.8296900888450646, 0.8159409179059498, 0.8299120123671927, 0.8419740601664931], 
                            [0.8183896422239764, 0.81647050812921, 0.8144656308554395, 0.8087208378621704], 
                            [0.762038720610895, 0.7520597276897509, 0.713170152295017, 0.7318495560268629]],

    "rf": [[0.71163434, 0.69709078, 0.71932349, 0.69409229], 
                  [0.79138558, 0.79428572, 0.7894034,  0.78845519], 
                  [0.79470183, 0.79428824, 0.80104682, 0.8004668],
                  [0.8049204,  0.80323832, 0.79824756, 0.80163946],
                  [0.80302648, 0.80480439, 0.80460012, 0.80305674],
                  [0.80726573, 0.80809542, 0.81404196, 0.803894],
                  [0.80892259, 0.81006751, 0.81254902, 0.81174202],
                  [0.81485652, 0.81242293, 0.80934626, 0.81276085],
                  [0.80403775, 0.80576018, 0.80495318, 0.80038862],
                  [0.82478507, 0.81076859, 0.81511375, 0.81942108],
                  [0.81971866, 0.81741368, 0.8104357,  0.81425379],
                  [0.81744647, 0.8138049,  0.81190594, 0.81370907],
                  [0.8145892,  0.81908063, 0.81473295, 0.81648312],
                  [0.82298195, 0.8172422,  0.81896967, 0.81704549],
                  [0.82172606, 0.81859643, 0.81987754, 0.82165545],
                  [0.82340057, 0.82201607, 0.82004146, 0.82451019],
                  [0.82345101, 0.82058114, 0.82379398, 0.81862418],
                  [0.81951691, 0.82529953, 0.82443706, 0.82423027],
                  [0.82408904, 0.82698666, 0.82610401, 0.82319126]],

    "convtran": [[0.5544217, 0.51158037, 0.64708486, 0.5516754],
                        [0.73861066, 0.79861575, 0.78038776, 0.78001453],
                        [0.79442947, 0.73551382, 0.81223379, 0.74750525],
                        [0.81062736, 0.80800967, 0.77164448, 0.81107373],
                        [0.80860483, 0.70710508, 0.76241952, 0.81257928],
                        [0.83467832, 0.80270368, 0.81206987, 0.7828844],
                        [0.80607541, 0.81384021, 0.7814419, 0.81783736],
                        [0.80119057, 0.77634522, 0.82373346, 0.7726734],
                        [0.83425213, 0.83108468, 0.82205138, 0.81452616],
                        [0.8098355, 0.79199335, 0.82692109, 0.75733546],
                        [0.83504399, 0.83528609, 0.82669917, 0.78266752],
                        [0.80885954, 0.82698161, 0.79208666, 0.81489182],
                        [0.83151844, 0.80111239, 0.81055927, 0.82214973],
                        [0.82725397, 0.81166637, 0.83029786, 0.8348145],
                        [0.83930089, 0.81532558, 0.8296447, 0.82872926],
                        [0.82086359, 0.8196304, 0.81457155, 0.82213712],
                        [0.83592412, 0.83177062, 0.83041891, 0.8150154],
                        [0.82046261, 0.79678488, 0.823103, 0.79025579],
                        [0.84672272, 0.82905206, 0.83206064, 0.81413275]],

    "tst": [[0.67432093, 0.60587013, 0.69791039, 0.64908974],
                   [0.65141741, 0.55253787, 0.70201093, 0.71066595],
                   [0.60771361, 0.57056159, 0.69253883, 0.61895353],
                   [0.65289018, 0.66223618, 0.69216307, 0.68331892],
                   [0.57084908, 0.71175539, 0.62007576, 0.62985048],
                   [0.57551704, 0.63821548, 0.67960422, 0.66652082],
                   [0.6801792, 0.65097104, 0.6328061, 0.67004638],
                   [0.62253205, 0.68048183, 0.65257242, 0.61409139],
                   [0.64103744, 0.63467479, 0.62531366, 0.67459581],
                   [0.5788232, 0.69132834, 0.67726394, 0.60869713],
                   [0.72934535, 0.66242532, 0.72086182, 0.72892924],
                   [0.65313227, 0.64887033, 0.67455546, 0.69827606],
                   [0.62457223, 0.70156456, 0.62762368, 0.67223283],
                   [0.72516159, 0.64408637, 0.65913177, 0.68999175],
                   [0.68804488, 0.68271871, 0.68701344, 0.65209831],
                   [0.65723534, 0.69630396, 0.69546923, 0.60643503],
                   [0.69312895, 0.67886532, 0.61232609, 0.68684952],
                   [0.56234286, 0.70936719, 0.60219326, 0.6829129],
                   [0.70823992, 0.64494884, 0.53228483, 0.57986725]]
}