{
    "task_2":   [[0.77042138, 0.76528183, 0.76529696, 0.7656248],
                     [0.80202026, 0.80885197, 0.81142175, 0.80722285],
                     [0.82522388, 0.82246497, 0.83090562, 0.82904702],
                     [0.83403777, 0.83397473, 0.83834763, 0.82874187],
                     [0.81849808, 0.82042226, 0.81444293, 0.82661342],
                     [0.83161679, 0.82819967, 0.82318369, 0.83071649],
                     [0.83065344, 0.83464554, 0.83281467, 0.83565933],
                     [0.83761377, 0.83471363, 0.83270623, 0.83603761],
                     [0.83920254, 0.83852668, 0.84083922, 0.83883687],
                     [0.84199676, 0.84327282, 0.84156804, 0.84150499],
                     [0.84207493, 0.84821314, 0.84664454, 0.84837454],
                     [0.84637218, 0.84802652, 0.84742127, 0.85049794],
                     [0.84860403, 0.8466168, 0.84968842, 0.84102584],
                     [0.84909074, 0.84666219, 0.85345104, 0.84869229],
                     [0.85184966, 0.85447239, 0.84920423, 0.8392908],
                     [0.85214724, 0.85902939, 0.85200349, 0.85064169],
                     [0.85748349, 0.85546096, 0.85637135, 0.85083335],
                     [0.85389488, 0.85273231, 0.8539428, 0.85432108],
                     [0.85314085, 0.84777686, 0.84983721, 0.85584176]],

    "task_0": [[0.73033014, 0.80757213, 0.76653898, 0.8129563],
               [0.82580264, 0.8161288, 0.82295294, 0.82334888],
               [0.82847581, 0.83070514, 0.82861704, 0.82847581],
               [0.8349116, 0.8319358, 0.8327428, 0.83481577],
               [0.82018142, 0.81895076, 0.81989141, 0.81933156],
               [0.82385577, 0.8237095, 0.82382299, 0.82031508],
               [0.82708627, 0.82555046, 0.82502591, 0.82463755],
               [0.83789748, 0.83852038, 0.83084384, 0.83462663],
               [0.83678029, 0.83749146, 0.83363301, 0.83452575],
                [0.83986957, 0.83935259, 0.83884065, 0.83895413],
                [0.84818414, 0.84472919, 0.83980652, 0.84959133],
                [0.85125072, 0.85512429, 0.84736705, 0.85127846],
                [0.85497802, 0.85237042, 0.84786134, 0.85255956],
                [0.85733344, 0.84928619, 0.85707369, 0.85290253],
                [0.84202071, 0.85154325, 0.84830771, 0.85095061],
                [0.85586319, 0.85380536, 0.85592624, 0.85234772],
                [0.8542946, 0.85367422, 0.8538684, 0.85256965],
                [0.85227207, 0.85114228, 0.85404746, 0.85488976],
                [0.85302863, 0.85318498, 0.85331107, 0.85231998]],

    "task_1": [[0.85164034, 0.85076778, 0.83176053, 0.83151339],
    [0.87475822, 0.87726494, 0.88082581, 0.87371417],
    [0.87023148, 0.87526007, 0.88027856, 0.87442785],
    [0.88234901, 0.88277773, 0.8734292, 0.88970779],
    [0.89006085, 0.88199595, 0.88533489, 0.88174881],
    [0.906115, 0.90238013, 0.90447327, 0.90984987],
    [0.90017098, 0.90079892, 0.9019842, 0.90060979],
    [0.90491208, 0.89865787, 0.89914459, 0.89537441],
    [0.90498521, 0.90273571, 0.90284415, 0.90114946],
    [0.90772395, 0.9136377, 0.9099911, 0.91735997],
    [0.91582163, 0.91603347, 0.91478011, 0.91386467],
    [0.91704221, 0.91568293, 0.91836367, 0.91557449],
    [0.92038872, 0.91682029, 0.91758441, 0.91901431],
    [0.91152439, 0.91733223, 0.91745328, 0.91598808],
    [0.91649497, 0.91219268, 0.91040468, 0.91928162],
    [0.91448253, 0.91389746, 0.91322412, 0.91552658],
    [0.91478515, 0.91603347, 0.91379658, 0.91663619],
    [0.91434887, 0.91377641, 0.91746336, 0.91691612],
    [0.91253565, 0.91200858, 0.91110828, 0.91187997]]    
}